match_id,home,away,label,market_source,mkt_p_A,mkt_p_D,mkt_p_H,elo_oof_A,elo_oof_D,elo_oof_H,mkt64_oof_A,mkt64_oof_D,mkt64_oof_H,blendA_oof_A,blendA_oof_D,blendA_oof_H
1,Mexico,South Africa,H,polymarket,0.105,0.205,0.695,0.019511894231181687,0.3756397139090365,0.6048483918597817,0.10500000000000001,0.20500000000000002,0.6950000000000001,0.0405143384589753,0.35875037720601527,0.6007352843350093
2,South Korea,Czechia,H,p_model,0.2351,0.2645,0.5004,0.11303618853564583,0.352732691634477,0.534231119829877,0.23510000000000003,0.2645,0.5004,0.13338574580403786,0.3418442300379703,0.5247700241579919
3,Canada,Bosnia and Herzegovina,D,p_model,0.0756,0.1662,0.7582,0.020926395772911395,0.20533755355125094,0.7737360506758377,0.0756,0.16619999999999996,0.7582000000000001,0.030011216962030136,0.20710028058194146,0.7628885024560284
4,USA,Paraguay,H,polymarket,0.235,0.285,0.495,0.0282900427564511,0.393864116473415,0.5778458407701338,0.23499999999999993,0.28500000000000003,0.495,0.08498868448543137,0.38702637538920237,0.5279849401253662
5,Qatar,Switzerland,D,polymarket,0.795,0.135,0.063,0.7348470475856482,0.11557387090901952,0.14957908150533228,0.795,0.135,0.06299999999999999,0.8211096903240319,0.06040918971411653,0.11848111996185176
6,Brazil,Morocco,D,polymarket,0.175,0.245,0.585,0.07273529521810972,0.34474588246247845,0.5825188223194118,0.17500000000000002,0.24500000000000005,0.585,0.09396787574280763,0.3257162130339481,0.5803159112232442
7,Haiti,Scotland,A,polymarket,0.625,0.225,0.145,0.53626326004671,0.20484377532513837,0.2588929646281517,0.625,0.22500000000000003,0.145,0.5175817500397366,0.21445129124648216,0.2679669587137811
8,Australia,Türkiye,H,polymarket,0.565,0.255,0.175,0.16217668869837792,0.34292577742421076,0.49489753387741126,0.5649999999999998,0.25499999999999995,0.17500000000000002,0.39931621964750075,0.2630214204878183,0.33766235986468096
9,Germany,Curaçao,H,polymarket,0.0225,0.0415,0.9385,0.0033744787663504234,0.3248651243451749,0.6717603968884747,0.022499999999999996,0.041499999999999995,0.9385,0.011790311259988803,0.3096835841391061,0.6785261046009051
10,Netherlands,Japan,D,polymarket,0.265,0.265,0.465,0.07760365681422435,0.35103960136632156,0.571356741819454,0.26500000000000007,0.26500000000000007,0.46499999999999997,0.13442368935070986,0.3317788983679567,0.5337974122813334
11,Côte d'Ivoire,Ecuador,H,polymarket,0.395,0.335,0.265,0.4111679033306845,0.2675890770905179,0.3212430195787977,0.395,0.335,0.26500000000000007,0.3368235497434472,0.30023831623566266,0.36293813402089015
12,Sweden,Tunisia,H,polymarket,0.215,0.285,0.505,0.07894999727013259,0.344466116863657,0.5765838858662103,0.21500000000000002,0.28500000000000003,0.505,0.11672774017712204,0.33862286542416664,0.5446493943987113
13,Spain,Cabo Verde,D,p_model,0.0769,0.1769,0.7461,0.0020583225461342975,0.23508826260732615,0.7628534148465397,0.07689999999999998,0.17690000000000003,0.7461000000000001,0.023101521199344076,0.27228947156640704,0.7046090072342488
14,Belgium,Egypt,D,polymarket,0.175,0.245,0.585,0.029643606330749327,0.343053424113016,0.6273029695562349,0.17500000000000002,0.24500000000000005,0.585,0.07573866264740695,0.3376841056972927,0.5865772316553004
15,Saudi Arabia,Uruguay,D,polymarket,0.685,0.215,0.115,0.8299067516166996,0.07746731294134321,0.09262593544195703,0.6850000000000002,0.21500000000000002,0.11500000000000002,0.6864606629953363,0.13424928437061287,0.17929005263405096
16,IR Iran,New Zealand,D,polymarket,0.205,0.285,0.515,0.011559307098371857,0.325713849296024,0.6627268436056042,0.20500000000000002,0.28500000000000003,0.5149999999999999,0.07098062477397964,0.331334191179215,0.5976851840468054
17,France,Senegal,H,polymarket,0.125,0.215,0.665,0.021090510605035244,0.3297540591278437,0.649155430267121,0.125,0.21500000000000002,0.665,0.05580843320346114,0.3218659897664857,0.6223255770300533
18,Iraq,Norway,A,polymarket,0.805,0.135,0.065,0.43936099401234924,0.24083836696181193,0.3198006390258389,0.8049999999999999,0.135,0.06499999999999999,0.6885337035547467,0.13459351534078567,0.17687278110446758
19,Argentina,Algeria,H,polymarket,0.105,0.205,0.695,0.005464552189956383,0.320751143940382,0.6737843038696616,0.10500000000000001,0.20500000000000002,0.6950000000000001,0.03577299247278366,0.3278430872803083,0.636383920246908
20,Austria,Jordan,H,polymarket,0.095,0.165,0.735,0.02373314366923497,0.3511730425064922,0.6250938138242729,0.09499999999999999,0.165,0.7350000000000001,0.04669783286684152,0.3193177657047742,0.6339844014283842
21,Portugal,Congo DR,D,polymarket,0.075,0.165,0.765,0.008011972251546675,0.3213153633033007,0.6706726644451526,0.07499999999999998,0.165,0.7649999999999999,0.03057144467202816,0.30626290185180216,0.6631656534761696
22,England,Croatia,H,polymarket,0.185,0.255,0.565,0.07266004867117956,0.35440864961386903,0.5729313017149514,0.18500000000000003,0.25499999999999995,0.5649999999999998,0.09549263256188176,0.34321409206489184,0.5612932753732264
23,Ghana,Panama,H,polymarket,0.265,0.275,0.465,0.15814369340161913,0.3396910268603279,0.5021652797380529,0.26500000000000007,0.27499999999999997,0.46499999999999997,0.15726423758985605,0.3319221548393783,0.5108136075707657
24,Uzbekistan,Colombia,A,polymarket,0.695,0.205,0.105,0.838539231705318,0.07683822558991873,0.08462254270476333,0.6950000000000001,0.20500000000000002,0.10500000000000001,0.6909868950010615,0.13884635258748412,0.17016675241145446
25,Mexico,South Korea,H,p_model,0.2538,0.2714,0.4747,0.10958916746081922,0.354617659783778,0.5357931727554026,0.2538,0.2713999999999999,0.4747,0.12423030248232876,0.3466372374111212,0.5291324601065499
26,Czechia,South Africa,D,polymarket,0.225,0.285,0.495,0.061733364721491726,0.35889346027640656,0.5793731750021016,0.22500000000000003,0.28500000000000003,0.495,0.11339181679291355,0.3415105536346398,0.5450976295724466
27,Canada,Qatar,H,polymarket,0.085,0.175,0.755,0.015659092576250592,0.31223953424539425,0.6721013731783552,0.08499999999999999,0.17500000000000002,0.755,0.031533667765860945,0.296636514012261,0.671829818221878
28,Switzerland,Bosnia and Herzegovina,H,p_model,0.1244,0.2219,0.6537,0.027460231811919228,0.3445767556628499,0.6279630125252309,0.1244,0.2219,0.6536999999999998,0.05930128365665412,0.33160034223007584,0.60909837411327
29,Brazil,Haiti,H,polymarket,0.0315,0.064,0.915,0.002220023392332596,0.3294265306823517,0.6683534459253158,0.03149999999999999,0.06400000000000002,0.9149999999999998,0.013938179015123554,0.2757955539164099,0.7102662670684665
30,Scotland,Morocco,A,polymarket,0.495,0.285,0.225,0.5814701463779437,0.19364019290705556,0.22488966071500083,0.495,0.28500000000000003,0.22500000000000003,0.419147335194303,0.26012199865046415,0.32073066615523294
31,USA,Australia,H,polymarket,0.205,0.245,0.555,0.05824040908082824,0.3647082808560969,0.577051310063075,0.20500000000000002,0.24500000000000005,0.5549999999999999,0.08209440056460947,0.34936725563896226,0.5685383437964283
32,Türkiye,Paraguay,A,polymarket,0.275,0.305,0.435,0.08997401082035131,0.36066750353543464,0.5493584856442142,0.27499999999999997,0.30500000000000005,0.43499999999999994,0.1354277443026472,0.347429217242,0.5171430384553528
33,Germany,Côte d'Ivoire,H,polymarket,0.175,0.205,0.625,0.027709805772471285,0.35315398425742145,0.6191362099701073,0.17500000000000002,0.20500000000000002,0.625,0.07257536599280157,0.33217455184346895,0.5952500821637294
34,Ecuador,Curaçao,D,polymarket,0.0695,0.125,0.805,0.008023394316693203,0.33378845977703353,0.6581881459062733,0.0695,0.125,0.8049999999999999,0.02855539763697671,0.29282820934095266,0.6786163930220707
35,Netherlands,Sweden,H,polymarket,0.175,0.235,0.595,0.04489750197659044,0.3508784493004442,0.6042240487229653,0.17500000000000002,0.23499999999999993,0.5949999999999999,0.08443834781011905,0.333115003735958,0.5824466484539229
36,Tunisia,Japan,A,polymarket,0.565,0.265,0.175,0.5134264459107498,0.20518700962399974,0.2813865444652503,0.5649999999999998,0.26500000000000007,0.17500000000000002,0.4699958748933577,0.22508577544219244,0.3049183496644499
37,Belgium,IR Iran,D,polymarket,0.105,0.195,0.695,0.06790635290357742,0.34756857646584993,0.5845250706305727,0.10500000000000001,0.19500000000000003,0.6950000000000001,0.06611887119599733,0.3150445752514281,0.6188365535525746
38,New Zealand,Egypt,A,polymarket,0.555,0.255,0.195,0.6192677791223204,0.16968275591575854,0.2110494649619211,0.5549999999999999,0.25499999999999995,0.19500000000000003,0.4695046444126585,0.22761002444211603,0.30288533114522564
39,Spain,Saudi Arabia,H,polymarket,0.0355,0.085,0.875,0.003034062146837531,0.32261946979384887,0.6743464680593136,0.03549999999999999,0.08499999999999999,0.875,0.01640844878342159,0.3001399374421498,0.6834516137744288
40,Uruguay,Cabo Verde,D,p_model,0.1329,0.2827,0.5844,0.009660524875315619,0.3356227988117281,0.6547166763129564,0.1329,0.28270000000000006,0.5844000000000001,0.050582813044698784,0.34761402617825227,0.6018031607770489
41,France,Iraq,H,polymarket,0.0375,0.095,0.865,0.0024725264291881803,0.3196972762595052,0.6778301973113066,0.03749999999999999,0.09499999999999999,0.865,0.014430011555554631,0.31719772058090384,0.6683722678635415
42,Norway,Senegal,H,polymarket,0.285,0.265,0.445,0.29844718276926235,0.30371872863256755,0.3978340885981701,0.28500000000000003,0.26500000000000007,0.445,0.19868356241666094,0.32384632768518123,0.4774701098981578
43,Argentina,Austria,H,polymarket,0.165,0.235,0.6,0.010399246947054902,0.34584024817074355,0.6437605048822016,0.165,0.23499999999999993,0.5999999999999999,0.056977000296682914,0.3506177363745186,0.5924052633287985
44,Jordan,Algeria,A,polymarket,0.655,0.205,0.135,0.46414287484596234,0.24298683192802328,0.2928702932260142,0.6550000000000001,0.20500000000000002,0.135,0.5353259009694542,0.20668970407295822,0.25798439495758746
45,Portugal,Uzbekistan,H,polymarket,0.075,0.145,0.785,0.007817638709150783,0.32379847256581157,0.6683838887250377,0.07499999999999998,0.145,0.785,0.030814324455633202,0.3145907991310429,0.654594876413324
46,Colombia,Congo DR,H,polymarket,0.115,0.225,0.665,0.010398554767425714,0.3329980084004235,0.6566034368321508,0.11500000000000002,0.22500000000000003,0.665,0.04390035695594513,0.3416749121608159,0.614424730883239
47,England,Ghana,D,polymarket,0.105,0.165,0.735,0.007233009741737984,0.2934664044455346,0.6993005858127275,0.10500000000000001,0.165,0.7350000000000001,0.036899352103003054,0.2920720302691979,0.6710286176277989
48,Panama,Croatia,A,polymarket,0.635,0.235,0.135,0.6953988196785363,0.14368082505622862,0.16092035526523504,0.6349999999999999,0.23499999999999993,0.135,0.5755204728837255,0.1993270280595517,0.2251524990567227
49,Czechia,Mexico,A,polymarket,0.525,0.275,0.215,0.30686306713744643,0.34045207667922445,0.35268485618332923,0.5250000000000001,0.27499999999999997,0.21500000000000002,0.3866088999232301,0.29104022230286375,0.32235087777390625
50,South Africa,South Korea,H,polymarket,0.495,0.275,0.235,0.576292944531199,0.20497179699001938,0.21873525847878167,0.495,0.27499999999999997,0.23499999999999993,0.4231534903133989,0.26124311380072474,0.31560339588587627
51,Switzerland,Canada,H,polymarket,0.275,0.295,0.445,0.21616498218802876,0.3965841579003534,0.38725085991161784,0.27499999999999997,0.295,0.445,0.21502044350955268,0.3693991462391499,0.4155804102512974
52,Bosnia and Herzegovina,Qatar,H,p_model,0.4339,0.2823,0.2838,0.13404239534006138,0.34226277561593327,0.5236948290440053,0.43390000000000006,0.28230000000000005,0.28379999999999994,0.25108494907327217,0.31964067233373317,0.42927437859299455
53,Scotland,Brazil,A,polymarket,0.665,0.205,0.14,0.7874111168898935,0.099521292340231,0.11306759076987553,0.665,0.20500000000000002,0.14000000000000004,0.6089243951058351,0.1746549046668872,0.2164207002272777
54,Morocco,Haiti,H,polymarket,0.095,0.175,0.745,0.0060261746482923335,0.32795560721707695,0.6660182181346308,0.09499999999999999,0.17500000000000002,0.745,0.03324793404179662,0.3202248349742171,0.6465272309839862
55,Türkiye,USA,H,polymarket,0.385,0.275,0.365,0.5823618683117933,0.2412083408700456,0.1764297908181611,0.38499999999999995,0.27499999999999997,0.36500000000000005,0.3557358547224261,0.3228503413013527,0.3214138039762212
56,Paraguay,Australia,D,polymarket,0.265,0.305,0.445,0.2865828423646557,0.29218363766296,0.42123351997238423,0.26500000000000007,0.30500000000000005,0.445,0.18855991185224005,0.3177679891184642,0.4936720990292958
57,Ecuador,Germany,H,polymarket,0.575,0.245,0.195,0.35343101684388356,0.2904575512494322,0.3561114319066843,0.5750000000000001,0.24500000000000005,0.19500000000000003,0.4144974277774849,0.26753149681168786,0.31797107541082736
58,Curaçao,Côte d'Ivoire,A,polymarket,0.785,0.145,0.075,0.6624838333562206,0.15781189226156805,0.17970427438221134,0.785,0.145,0.07499999999999998,0.7213879822224344,0.12560560247015884,0.1530064153074067
59,Tunisia,Netherlands,A,polymarket,0.665,0.225,0.135,0.7279796324209846,0.13216532937962375,0.13985503819939157,0.665,0.22500000000000003,0.135,0.6028645967092457,0.18167814506560803,0.21545725822514625
60,Japan,Sweden,D,polymarket,0.265,0.285,0.465,0.11203210105462798,0.3410826548500183,0.5468852440953538,0.26500000000000007,0.28500000000000003,0.46499999999999997,0.14759394152606858,0.32495093058203117,0.5274551278919002
61,New Zealand,Belgium,A,polymarket,0.755,0.155,0.085,0.9223496663153614,0.040446115110420594,0.03720421857421806,0.755,0.155,0.08499999999999999,0.7574341506783718,0.11453540276022774,0.12803044656140034
62,Egypt,IR Iran,D,polymarket,0.265,0.315,0.445,0.3636138869662996,0.26089593623552754,0.375490176798173,0.26500000000000007,0.315,0.445,0.21125276125544107,0.3154631453293192,0.47328409341523975
63,Uruguay,Spain,A,polymarket,0.595,0.245,0.175,0.48900451454446114,0.22287035702533914,0.28812512843019966,0.5949999999999999,0.24500000000000005,0.17500000000000002,0.4797538305611025,0.22397632695420513,0.2962698424846924
64,Cabo Verde,Saudi Arabia,D,p_model,0.3865,0.3317,0.2818,0.194269586621331,0.31605074778208997,0.48967966559657905,0.38649999999999995,0.33170000000000005,0.2818,0.25682588250867994,0.3007018390773939,0.4424722784139261
